flow_duration,ip_proto,srcport,dstport,byte_count,packet_count,type
17,1,0,0,1568,16,0
17,1,0,0,1568,16,0
17,1,0,0,1568,16,0
17,1,0,0,1568,16,0
17,1,0,0,1568,16,0
17,1,0,0,1568,16,0
47,1,0,0,4508,46,0
47,1,0,0,4508,46,0
47,1,0,0,4508,46,0
47,1,0,0,4508,46,0
47,1,0,0,4508,46,0
47,1,0,0,4508,46,0
77,1,0,0,7350,75,0
77,1,0,0,12660,84,0
3,17,44228,80,473256,313,0
77,1,0,0,7350,75,0
77,1,0,0,12660,84,0
3,17,44228,80,473256,313,0
77,1,0,0,7350,75,0
77,1,0,0,12660,84,0
3,17,44228,80,473256,313,0
107,1,0,0,10290,105,0
107,1,0,0,33300,144,0
33,17,44228,80,4516344,2987,0
5,6,41162,5001,0,0,0
5,6,5001,41162,0,0,0
107,1,0,0,10290,105,0
107,1,0,0,33300,144,0
33,17,44228,80,4516344,2987,0
5,6,41162,5001,0,0,0
5,6,5001,41162,0,0,0
107,1,0,0,10290,105,0
107,1,0,0,33300,144,0
33,17,44228,80,4516344,2987,0
5,6,41162,5001,0,0,0
5,6,5001,41162,0,0,0
137,1,0,0,13230,135,0
137,1,0,0,53940,204,0
63,17,44228,80,8568504,5667,0
137,1,0,0,13230,135,0
137,1,0,0,53940,204,0
63,17,44228,80,8568504,5667,0
137,1,0,0,13230,135,0
137,1,0,0,53940,204,0
63,17,44228,80,8568504,5667,0
167,1,0,0,16170,165,0
167,1,0,0,74580,264,0
93,17,44228,80,12591936,8328,0
21,6,51138,80,23325360,5368,0
21,6,80,51138,335478,5083,0
167,1,0,0,16170,165,0
167,1,0,0,74580,264,0
93,17,44228,80,12593448,8329,0
21,6,51138,80,23334180,5370,0
21,6,80,51138,335478,5083,0
167,1,0,0,16170,165,0
167,1,0,0,74580,264,0
93,17,44228,80,12591936,8328,0
21,6,51138,80,23325426,5369,0
21,6,80,51138,335478,5083,0
197,1,0,0,19110,195,0
197,1,0,0,95220,324,0
123,17,44228,80,16641072,11006,0
51,6,51138,80,55862500,12902,0
51,6,80,51138,797544,12084,0
197,1,0,0,19110,195,0
197,1,0,0,95220,324,0
123,17,44228,80,16642584,11007,0
51,6,51138,80,55868424,12904,0
51,6,80,51138,797544,12084,0
197,1,0,0,19110,195,0
197,1,0,0,95220,324,0
123,17,44228,80,16641072,11006,0
51,6,51138,80,55862566,12903,0
51,6,80,51138,797544,12084,0
227,1,0,0,22050,225,0
227,1,0,0,115860,384,0
153,17,44228,80,20691720,13685,0
81,6,51138,80,88390358,20427,0
81,6,80,51138,1263702,19147,0
227,1,0,0,22050,225,0
227,1,0,0,115860,384,0
153,17,44228,80,20693232,13686,0
81,6,51138,80,88399178,20429,0
81,6,80,51138,1263702,19147,0
227,1,0,0,22050,225,0
227,1,0,0,115860,384,0
153,17,44228,80,20691720,13685,0
81,6,51138,80,88390424,20428,0
81,6,80,51138,1263702,19147,0
257,1,0,0,24990,255,0
257,1,0,0,136500,444,0
183,17,44228,80,24740856,16363,0
111,6,51138,80,120927168,27956,0
111,6,80,51138,1730850,26225,0
257,1,0,0,24990,255,0
257,1,0,0,136500,444,0
183,17,44228,80,24742368,16364,0
111,6,51138,80,120935988,27958,0
111,6,80,51138,1730850,26225,0
257,1,0,0,24990,255,0
257,1,0,0,136500,444,0
183,17,44228,80,24740856,16363,0
111,6,51138,80,120927234,27957,0
111,6,80,51138,1730850,26225,0
287,1,0,0,27930,285,0
287,1,0,0,157140,504,0
213,17,44228,80,28789992,19041,0
141,6,51138,80,153457332,35494,0
141,6,80,51138,2198394,33309,0
287,1,0,0,27930,285,0
287,1,0,0,157140,504,0
213,17,44228,80,28793016,19043,0
141,6,51138,80,153469048,35496,0
141,6,80,51138,2198394,33309,0
287,1,0,0,27930,285,0
287,1,0,0,157140,504,0
213,17,44228,80,28789992,19041,0
141,6,51138,80,153457398,35495,0
141,6,80,51138,2198394,33309,0
317,1,0,0,30870,315,0
317,1,0,0,177780,564,0
243,17,44228,80,32837616,21718,0
171,6,51138,80,185963536,43020,0
171,6,80,51138,2661120,40320,0
317,1,0,0,30870,315,0
317,1,0,0,177780,564,0
243,17,44228,80,32839128,21719,0
171,6,51138,80,185967946,43021,0
171,6,80,51138,2661120,40320,0
317,1,0,0,30870,315,0
317,1,0,0,177780,564,0
243,17,44228,80,32837616,21718,0
171,6,51138,80,185959192,43020,0
171,6,80,51138,2661120,40320,0
347,1,0,0,33810,345,0
347,1,0,0,198420,624,0
273,17,44228,80,36889776,24398,0
347,1,0,0,33810,345,0
347,1,0,0,198420,624,0
273,17,44228,80,36889776,24398,0
347,1,0,0,33810,345,0
347,1,0,0,198420,624,0
273,17,44228,80,36889776,24398,0
377,1,0,0,36750,375,0
377,1,0,0,217290,681,0
303,17,44228,80,40446000,26750,0
377,1,0,0,36750,375,0
377,1,0,0,217290,681,0
303,17,44228,80,40446000,26750,0
377,1,0,0,36750,375,0
377,1,0,0,217290,681,0
303,17,44228,80,40446000,26750,0
23,6,5000,5000,13650,210,1
23,6,5000,5000,13650,210,1
23,6,5000,5000,13650,210,1
53,6,5000,5000,31915,491,1
53,6,5000,5000,31915,491,1
53,6,5000,5000,31915,491,1
83,6,5000,5000,45045,693,1
83,6,5000,5000,45045,693,1
83,6,5000,5000,45045,693,1
10,6,1380,17831,0,0,1
9,6,1380,17831,0,0,1
9,6,20487,29693,0,0,1
9,6,20487,29693,0,0,1
9,6,2969,63904,0,0,1
9,6,2969,63904,0,0,1
9,6,52271,48207,0,0,1
9,6,52271,48207,0,0,1
9,6,58867,64224,0,0,1
9,6,58867,64224,0,0,1
8,6,61081,58042,0,0,1
8,6,61081,58042,0,0,1
8,6,45498,62407,0,0,1
8,6,45498,62407,0,0,1
8,6,12958,44613,0,0,1
8,6,12958,44613,0,0,1
8,6,14585,17233,0,0,1
8,6,14585,17233,0,0,1
8,6,50610,49326,0,0,1
8,6,50610,49326,0,0,1
7,6,2003,16511,0,0,1
7,6,2003,16511,0,0,1
7,6,63474,8201,0,0,1
7,6,63474,8201,0,0,1
7,6,38795,52765,0,0,1
7,6,38795,52765,0,0,1
7,6,30932,53622,0,0,1
7,6,30932,53622,0,0,1
6,6,49635,46904,0,0,1
6,6,49635,46904,0,0,1
6,6,37505,4897,0,0,1
6,6,37505,4897,0,0,1
6,6,8252,22812,0,0,1
6,6,8252,22812,0,0,1
6,6,3036,49499,0,0,1
6,6,3036,49499,0,0,1
6,6,57030,1960,0,0,1
6,6,57030,1960,0,0,1
5,6,31913,3968,0,0,1
5,6,31913,3968,0,0,1
5,6,28828,54057,0,0,1
5,6,28828,54057,0,0,1
5,6,63369,60365,0,0,1
5,6,63369,60365,0,0,1
5,6,7104,57386,0,0,1
5,6,7104,57386,0,0,1
5,6,62971,25474,0,0,1
4,6,62971,25474,0,0,1
4,6,13752,46255,0,0,1
4,6,13752,46255,0,0,1
4,6,58734,35081,0,0,1
4,6,58734,35081,0,0,1
4,6,32714,52216,0,0,1
4,6,32714,52216,0,0,1
4,6,32470,17047,0,0,1
4,6,32470,17047,0,0,1
4,6,16682,20109,0,0,1
3,6,16682,20109,0,0,1
3,6,64787,62941,0,0,1
3,6,64787,62941,0,0,1
3,6,43082,35802,0,0,1
3,6,43082,35802,0,0,1
3,6,5257,23151,0,0,1
3,6,5257,23151,0,0,1
3,6,41341,2297,0,0,1
3,6,41341,2297,0,0,1
2,6,6303,8605,0,0,1
2,6,6303,8605,0,0,1
2,6,42507,15508,0,0,1
2,6,42507,15508,0,0,1
2,6,15541,28990,0,0,1
2,6,15541,28990,0,0,1
2,6,24095,45807,0,0,1
2,6,24095,45807,0,0,1
2,6,26229,44681,0,0,1
2,6,26229,44681,0,0,1
1,6,45071,28370,0,0,1
1,6,45071,28370,0,0,1
1,6,63338,41308,0,0,1
1,6,63338,41308,0,0,1
1,6,54812,26154,0,0,1
1,6,54812,26154,0,0,1
1,6,43085,45561,0,0,1
1,6,43085,45561,0,0,1
0,6,5887,5907,0,0,1
0,6,5887,5907,0,0,1
0,6,12141,52990,0,0,1
0,6,12141,52990,0,0,1
0,6,10060,9482,0,0,1
0,6,10060,9482,0,0,1
0,6,35281,45344,0,0,1
0,6,35281,45344,0,0,1
0,6,52726,40614,0,0,1
0,6,52726,40614,0,0,1
10,6,1380,17831,0,0,1
9,6,1380,17831,0,0,1
9,6,20487,29693,0,0,1
9,6,20487,29693,0,0,1
9,6,2969,63904,0,0,1
9,6,2969,63904,0,0,1
9,6,52271,48207,0,0,1
9,6,52271,48207,0,0,1
9,6,58867,64224,0,0,1
9,6,58867,64224,0,0,1
8,6,61081,58042,0,0,1
8,6,61081,58042,0,0,1
8,6,45498,62407,0,0,1
8,6,45498,62407,0,0,1
8,6,12958,44613,0,0,1
8,6,12958,44613,0,0,1
8,6,14585,17233,0,0,1
8,6,14585,17233,0,0,1
8,6,50610,49326,0,0,1
8,6,50610,49326,0,0,1
7,6,2003,16511,0,0,1
7,6,2003,16511,0,0,1
7,6,63474,8201,0,0,1
7,6,63474,8201,0,0,1
7,6,38795,52765,0,0,1
7,6,38795,52765,0,0,1
7,6,30932,53622,0,0,1
7,6,30932,53622,0,0,1
6,6,49635,46904,0,0,1
6,6,49635,46904,0,0,1
6,6,37505,4897,0,0,1
6,6,37505,4897,0,0,1
6,6,8252,22812,0,0,1
6,6,8252,22812,0,0,1
6,6,3036,49499,0,0,1
6,6,3036,49499,0,0,1
6,6,57030,1960,0,0,1
6,6,57030,1960,0,0,1
5,6,31913,3968,0,0,1
5,6,31913,3968,0,0,1
5,6,28828,54057,0,0,1
5,6,28828,54057,0,0,1
5,6,63369,60365,0,0,1
5,6,63369,60365,0,0,1
5,6,7104,57386,0,0,1
5,6,7104,57386,0,0,1
5,6,62971,25474,0,0,1
4,6,62971,25474,0,0,1
4,6,13752,46255,0,0,1
4,6,13752,46255,0,0,1
4,6,58734,35081,0,0,1
4,6,58734,35081,0,0,1
4,6,32714,52216,0,0,1
4,6,32714,52216,0,0,1
4,6,32470,17047,0,0,1
4,6,32470,17047,0,0,1
4,6,16682,20109,0,0,1
3,6,16682,20109,0,0,1
3,6,64787,62941,0,0,1
3,6,64787,62941,0,0,1
3,6,43082,35802,0,0,1
3,6,43082,35802,0,0,1
3,6,5257,23151,0,0,1
3,6,5257,23151,0,0,1
3,6,41341,2297,0,0,1
3,6,41341,2297,0,0,1
2,6,6303,8605,0,0,1
2,6,6303,8605,0,0,1
2,6,42507,15508,0,0,1
2,6,42507,15508,0,0,1
2,6,15541,28990,0,0,1
2,6,15541,28990,0,0,1
2,6,24095,45807,0,0,1
2,6,24095,45807,0,0,1
2,6,26229,44681,0,0,1
2,6,26229,44681,0,0,1
1,6,45071,28370,0,0,1
1,6,45071,28370,0,0,1
1,6,63338,41308,0,0,1
1,6,63338,41308,0,0,1
1,6,54812,26154,0,0,1
1,6,54812,26154,0,0,1
1,6,43085,45561,0,0,1
1,6,43085,45561,0,0,1
0,6,5887,5907,0,0,1
0,6,5887,5907,0,0,1
0,6,12141,52990,0,0,1
0,6,12141,52990,0,0,1
0,6,10060,9482,0,0,1
0,6,10060,9482,0,0,1
0,6,35281,45344,0,0,1
0,6,35281,45344,0,0,1
0,6,52726,40614,0,0,1
0,6,52726,40614,0,0,1
10,6,1380,17831,0,0,1
9,6,1380,17831,0,0,1
9,6,20487,29693,0,0,1
9,6,20487,29693,0,0,1
9,6,20487,29693,0,0,1
9,6,2969,63904,0,0,1
9,6,2969,63904,0,0,1
9,6,2969,63904,0,0,1
9,6,52271,48207,0,0,1
9,6,52271,48207,0,0,1
9,6,52271,48207,0,0,1
9,6,58867,64224,0,0,1
9,6,58867,64224,0,0,1
9,6,58867,64224,0,0,1
9,6,61081,58042,0,0,1
8,6,61081,58042,0,0,1
8,6,61081,58042,0,0,1
8,6,45498,62407,0,0,1
8,6,45498,62407,0,0,1
8,6,45498,62407,0,0,1
8,6,12958,44613,0,0,1
8,6,12958,44613,0,0,1
8,6,12958,44613,0,0,1
8,6,14585,17233,0,0,1
8,6,14585,17233,0,0,1
8,6,14585,17233,0,0,1
8,6,50610,49326,0,0,1
8,6,50610,49326,0,0,1
8,6,50610,49326,0,0,1
7,6,2003,16511,0,0,1
7,6,2003,16511,0,0,1
7,6,2003,16511,0,0,1
7,6,63474,8201,0,0,1
7,6,63474,8201,0,0,1
7,6,63474,8201,0,0,1
7,6,38795,52765,0,0,1
7,6,38795,52765,0,0,1
7,6,38795,52765,0,0,1
7,6,30932,53622,0,0,1
7,6,30932,53622,0,0,1
7,6,30932,53622,0,0,1
7,6,49635,46904,0,0,1
6,6,49635,46904,0,0,1
6,6,49635,46904,0,0,1
6,6,37505,4897,0,0,1
6,6,37505,4897,0,0,1
6,6,37505,4897,0,0,1
6,6,8252,22812,0,0,1
6,6,8252,22812,0,0,1
6,6,8252,22812,0,0,1
6,6,3036,49499,0,0,1
6,6,3036,49499,0,0,1
6,6,3036,49499,0,0,1
6,6,57030,1960,0,0,1
6,6,57030,1960,0,0,1
6,6,57030,1960,0,0,1
5,6,31913,3968,0,0,1
5,6,31913,3968,0,0,1
5,6,31913,3968,0,0,1
5,6,28828,54057,0,0,1
5,6,28828,54057,0,0,1
5,6,28828,54057,0,0,1
5,6,63369,60365,0,0,1
5,6,63369,60365,0,0,1
5,6,63369,60365,0,0,1
5,6,7104,57386,0,0,1
5,6,7104,57386,0,0,1
5,6,7104,57386,0,0,1
5,6,62971,25474,0,0,1
5,6,62971,25474,0,0,1
5,6,62971,25474,0,0,1
4,6,13752,46255,0,0,1
4,6,13752,46255,0,0,1
4,6,13752,46255,0,0,1
4,6,58734,35081,0,0,1
4,6,58734,35081,0,0,1
4,6,58734,35081,0,0,1
4,6,32714,52216,0,0,1
4,6,32714,52216,0,0,1
4,6,32714,52216,0,0,1
4,6,32470,17047,0,0,1
4,6,32470,17047,0,0,1
4,6,32470,17047,0,0,1
4,6,16682,20109,0,0,1
4,6,16682,20109,0,0,1
3,6,16682,20109,0,0,1
3,6,64787,62941,0,0,1
3,6,64787,62941,0,0,1
3,6,64787,62941,0,0,1
3,6,43082,35802,0,0,1
3,6,43082,35802,0,0,1
3,6,43082,35802,0,0,1
3,6,5257,23151,0,0,1
3,6,5257,23151,0,0,1
3,6,5257,23151,0,0,1
3,6,41341,2297,0,0,1
3,6,41341,2297,0,0,1
3,6,41341,2297,0,0,1
2,6,6303,8605,0,0,1
2,6,6303,8605,0,0,1
2,6,6303,8605,0,0,1
2,6,42507,15508,0,0,1
2,6,42507,15508,0,0,1
2,6,42507,15508,0,0,1
2,6,15541,28990,0,0,1
2,6,15541,28990,0,0,1
2,6,15541,28990,0,0,1
2,6,24095,45807,0,0,1
2,6,24095,45807,0,0,1
2,6,24095,45807,0,0,1
2,6,26229,44681,0,0,1
2,6,26229,44681,0,0,1
2,6,26229,44681,0,0,1
1,6,45071,28370,0,0,1
1,6,45071,28370,0,0,1
1,6,45071,28370,0,0,1
1,6,63338,41308,0,0,1
1,6,63338,41308,0,0,1
1,6,63338,41308,0,0,1
1,6,54812,26154,0,0,1
1,6,54812,26154,0,0,1
1,6,54812,26154,0,0,1
1,6,43085,45561,0,0,1
1,6,43085,45561,0,0,1
1,6,43085,45561,0,0,1
1,6,5887,5907,0,0,1
0,6,5887,5907,0,0,1
0,6,5887,5907,0,0,1
0,6,12141,52990,0,0,1
0,6,12141,52990,0,0,1
0,6,12141,52990,0,0,1
0,6,10060,9482,0,0,1
0,6,10060,9482,0,0,1
0,6,10060,9482,0,0,1
0,6,35281,45344,0,0,1
0,6,35281,45344,0,0,1
0,6,35281,45344,0,0,1
0,6,52726,40614,0,0,1
0,6,52726,40614,0,0,1
0,6,52726,40614,0,0,1
10,6,26404,2013,0,0,1
9,6,26404,2013,0,0,1
9,6,26404,2013,0,0,1
9,6,49419,47204,0,0,1
9,6,49419,47204,0,0,1
9,6,49419,47204,0,0,1
9,6,48553,63052,0,0,1
9,6,48553,63052,0,0,1
9,6,48553,63052,0,0,1
9,6,50798,10827,0,0,1
9,6,50798,10827,0,0,1
9,6,50798,10827,0,0,1
9,6,53222,15912,0,0,1
9,6,53222,15912,0,0,1
9,6,53222,15912,0,0,1
8,6,16408,29848,0,0,1
8,6,16408,29848,0,0,1
8,6,16408,29848,0,0,1
8,6,40626,45164,0,0,1
8,6,40626,45164,0,0,1
8,6,40626,45164,0,0,1
8,6,4475,44625,0,0,1
8,6,4475,44625,0,0,1
8,6,4475,44625,0,0,1
8,6,25416,41568,0,0,1
8,6,25416,41568,0,0,1
8,6,25416,41568,0,0,1
8,6,7252,55407,0,0,1
8,6,7252,55407,0,0,1
8,6,7252,55407,0,0,1
7,6,38630,6619,0,0,1
7,6,38630,6619,0,0,1
7,6,38630,6619,0,0,1
7,6,44173,21165,0,0,1
7,6,44173,21165,0,0,1
7,6,44173,21165,0,0,1
7,6,2880,39583,0,0,1
7,6,2880,39583,0,0,1
7,6,2880,39583,0,0,1
7,6,20781,31490,0,0,1
7,6,20781,31490,0,0,1
7,6,20781,31490,0,0,1
7,6,33495,475,0,0,1
7,6,33495,475,0,0,1
6,6,33495,475,0,0,1
6,6,24278,37709,0,0,1
6,6,24278,37709,0,0,1
6,6,24278,37709,0,0,1
6,6,43668,1330,0,0,1
6,6,43668,1330,0,0,1
6,6,43668,1330,0,0,1
6,6,48407,25039,0,0,1
6,6,48407,25039,0,0,1
6,6,48407,25039,0,0,1
6,6,51846,37371,0,0,1
6,6,51846,37371,0,0,1
6,6,51846,37371,0,0,1
5,6,58988,22231,0,0,1
5,6,58988,22231,0,0,1
5,6,58988,22231,0,0,1
5,6,14440,61551,0,0,1
5,6,14440,61551,0,0,1
5,6,14440,61551,0,0,1
5,6,17796,44163,0,0,1
5,6,17796,44163,0,0,1
5,6,17796,44163,0,0,1
5,6,10983,50671,0,0,1
5,6,10983,50671,0,0,1
5,6,10983,50671,0,0,1
5,6,62711,47575,0,0,1
5,6,62711,47575,0,0,1
5,6,62711,47575,0,0,1
4,6,22959,25559,0,0,1
4,6,22959,25559,0,0,1
4,6,22959,25559,0,0,1
4,6,28246,11743,0,0,1
4,6,28246,11743,0,0,1
4,6,28246,11743,0,0,1
4,6,3288,22838,0,0,1
4,6,3288,22838,0,0,1
4,6,3288,22838,0,0,1
4,6,62044,54220,0,0,1
4,6,62044,54220,0,0,1
4,6,62044,54220,0,0,1
4,6,14293,9184,0,0,1
4,6,14293,9184,0,0,1
4,6,14293,9184,0,0,1
3,6,16205,59319,0,0,1
3,6,16205,59319,0,0,1
3,6,16205,59319,0,0,1
3,6,19615,27245,0,0,1
3,6,19615,27245,0,0,1
3,6,19615,27245,0,0,1
3,6,19590,34721,0,0,1
3,6,19590,34721,0,0,1
3,6,19590,34721,0,0,1
3,6,35419,31564,0,0,1
3,6,35419,31564,0,0,1
3,6,35419,31564,0,0,1
3,6,19633,61479,0,0,1
3,6,19633,61479,0,0,1
2,6,19633,61479,0,0,1
2,6,18446,35713,0,0,1
2,6,18446,35713,0,0,1
2,6,18446,35713,0,0,1
2,6,46868,17940,0,0,1
2,6,46868,17940,0,0,1
2,6,46868,17940,0,0,1
2,6,4587,26835,0,0,1
2,6,4587,26835,0,0,1
2,6,4587,26835,0,0,1
2,6,31933,2915,0,0,1
2,6,31933,2915,0,0,1
2,6,31933,2915,0,0,1
1,6,1353,26198,0,0,1
1,6,1353,26198,0,0,1
1,6,1353,26198,0,0,1
1,6,54523,10060,0,0,1
1,6,54523,10060,0,0,1
1,6,54523,10060,0,0,1
1,6,32751,31234,0,0,1
1,6,32751,31234,0,0,1
1,6,32751,31234,0,0,1
1,6,25419,39968,0,0,1
1,6,25419,39968,0,0,1
1,6,25419,39968,0,0,1
1,6,29531,44131,0,0,1
1,6,29531,44131,0,0,1
1,6,29531,44131,0,0,1
0,6,43257,24150,0,0,1
0,6,43257,24150,0,0,1
0,6,43257,24150,0,0,1
0,6,43126,23636,0,0,1
0,6,43126,23636,0,0,1
0,6,43126,23636,0,0,1
0,6,51012,22704,0,0,1
0,6,51012,22704,0,0,1
0,6,51012,22704,0,0,1
0,6,11811,58622,0,0,1
0,6,11811,58622,0,0,1
0,6,11811,58622,0,0,1
0,6,55959,15492,0,0,1
0,6,55959,15492,0,0,1
9,6,26404,2013,0,0,1
9,6,26404,2013,0,0,1
9,6,49419,47204,0,0,1
9,6,49419,47204,0,0,1
9,6,48553,63052,0,0,1
9,6,48553,63052,0,0,1
9,6,50798,10827,0,0,1
9,6,50798,10827,0,0,1
9,6,53222,15912,0,0,1
9,6,53222,15912,0,0,1
8,6,16408,29848,0,0,1
8,6,16408,29848,0,0,1
8,6,40626,45164,0,0,1
8,6,40626,45164,0,0,1
8,6,4475,44625,0,0,1
8,6,4475,44625,0,0,1
8,6,25416,41568,0,0,1
8,6,25416,41568,0,0,1
8,6,7252,55407,0,0,1
8,6,7252,55407,0,0,1
7,6,38630,6619,0,0,1
7,6,38630,6619,0,0,1
7,6,44173,21165,0,0,1
7,6,44173,21165,0,0,1
7,6,2880,39583,0,0,1
7,6,2880,39583,0,0,1
7,6,20781,31490,0,0,1
7,6,20781,31490,0,0,1
7,6,33495,475,0,0,1
6,6,33495,475,0,0,1
6,6,24278,37709,0,0,1
6,6,24278,37709,0,0,1
6,6,43668,1330,0,0,1
6,6,43668,1330,0,0,1
6,6,48407,25039,0,0,1
6,6,48407,25039,0,0,1
6,6,51846,37371,0,0,1
6,6,51846,37371,0,0,1
5,6,58988,22231,0,0,1
5,6,58988,22231,0,0,1
5,6,14440,61551,0,0,1
5,6,14440,61551,0,0,1
5,6,17796,44163,0,0,1
5,6,17796,44163,0,0,1
5,6,10983,50671,0,0,1
5,6,10983,50671,0,0,1
5,6,62711,47575,0,0,1
5,6,62711,47575,0,0,1
4,6,22959,25559,0,0,1
4,6,22959,25559,0,0,1
4,6,28246,11743,0,0,1
4,6,28246,11743,0,0,1
4,6,3288,22838,0,0,1
4,6,3288,22838,0,0,1
4,6,62044,54220,0,0,1
4,6,62044,54220,0,0,1
4,6,14293,9184,0,0,1
4,6,14293,9184,0,0,1
3,6,16205,59319,0,0,1
3,6,16205,59319,0,0,1
3,6,19615,27245,0,0,1
3,6,19615,27245,0,0,1
3,6,19590,34721,0,0,1
3,6,19590,34721,0,0,1
3,6,35419,31564,0,0,1
3,6,35419,31564,0,0,1
2,6,19633,61479,0,0,1
2,6,19633,61479,0,0,1
2,6,18446,35713,0,0,1
2,6,18446,35713,0,0,1
2,6,46868,17940,0,0,1
2,6,46868,17940,0,0,1
2,6,4587,26835,0,0,1
2,6,4587,26835,0,0,1
2,6,31933,2915,0,0,1
2,6,31933,2915,0,0,1
1,6,1353,26198,0,0,1
1,6,1353,26198,0,0,1
1,6,54523,10060,0,0,1
1,6,54523,10060,0,0,1
1,6,32751,31234,0,0,1
1,6,32751,31234,0,0,1
1,6,25419,39968,0,0,1
1,6,25419,39968,0,0,1
1,6,29531,44131,0,0,1
1,6,29531,44131,0,0,1
0,6,43257,24150,0,0,1
0,6,43257,24150,0,0,1
0,6,43126,23636,0,0,1
0,6,43126,23636,0,0,1
0,6,51012,22704,0,0,1
0,6,51012,22704,0,0,1
0,6,11811,58622,0,0,1
0,6,11811,58622,0,0,1
9,6,26404,2013,0,0,1
9,6,26404,2013,0,0,1
9,6,49419,47204,0,0,1
9,6,49419,47204,0,0,1
9,6,48553,63052,0,0,1
9,6,48553,63052,0,0,1
9,6,50798,10827,0,0,1
9,6,50798,10827,0,0,1
9,6,53222,15912,0,0,1
9,6,53222,15912,0,0,1
8,6,16408,29848,0,0,1
8,6,16408,29848,0,0,1
8,6,40626,45164,0,0,1
8,6,40626,45164,0,0,1
8,6,4475,44625,0,0,1
8,6,4475,44625,0,0,1
8,6,25416,41568,0,0,1
8,6,25416,41568,0,0,1
8,6,7252,55407,0,0,1
8,6,7252,55407,0,0,1
7,6,38630,6619,0,0,1
7,6,38630,6619,0,0,1
7,6,44173,21165,0,0,1
7,6,44173,21165,0,0,1
7,6,2880,39583,0,0,1
7,6,2880,39583,0,0,1
7,6,20781,31490,0,0,1
7,6,20781,31490,0,0,1
7,6,33495,475,0,0,1
6,6,33495,475,0,0,1
6,6,24278,37709,0,0,1
6,6,24278,37709,0,0,1
6,6,43668,1330,0,0,1
6,6,43668,1330,0,0,1
6,6,48407,25039,0,0,1
6,6,48407,25039,0,0,1
6,6,51846,37371,0,0,1
6,6,51846,37371,0,0,1
5,6,58988,22231,0,0,1
5,6,58988,22231,0,0,1
5,6,14440,61551,0,0,1
5,6,14440,61551,0,0,1
5,6,17796,44163,0,0,1
5,6,17796,44163,0,0,1
5,6,10983,50671,0,0,1
5,6,10983,50671,0,0,1
5,6,62711,47575,0,0,1
5,6,62711,47575,0,0,1
4,6,22959,25559,0,0,1
4,6,22959,25559,0,0,1
4,6,28246,11743,0,0,1
4,6,28246,11743,0,0,1
4,6,3288,22838,0,0,1
4,6,3288,22838,0,0,1
4,6,62044,54220,0,0,1
4,6,62044,54220,0,0,1
4,6,14293,9184,0,0,1
4,6,14293,9184,0,0,1
3,6,16205,59319,0,0,1
3,6,16205,59319,0,0,1
3,6,19615,27245,0,0,1
3,6,19615,27245,0,0,1
3,6,19590,34721,0,0,1
3,6,19590,34721,0,0,1
3,6,35419,31564,0,0,1
3,6,35419,31564,0,0,1
2,6,19633,61479,0,0,1
2,6,19633,61479,0,0,1
2,6,18446,35713,0,0,1
2,6,18446,35713,0,0,1
2,6,46868,17940,0,0,1
2,6,46868,17940,0,0,1
2,6,4587,26835,0,0,1
2,6,4587,26835,0,0,1
2,6,31933,2915,0,0,1
2,6,31933,2915,0,0,1
1,6,1353,26198,0,0,1
1,6,1353,26198,0,0,1
1,6,54523,10060,0,0,1
1,6,54523,10060,0,0,1
1,6,32751,31234,0,0,1
1,6,32751,31234,0,0,1
1,6,25419,39968,0,0,1
1,6,25419,39968,0,0,1
1,6,29531,44131,0,0,1
1,6,29531,44131,0,0,1
0,6,43257,24150,0,0,1
0,6,43257,24150,0,0,1
0,6,43126,23636,0,0,1
0,6,43126,23636,0,0,1
0,6,51012,22704,0,0,1
0,6,51012,22704,0,0,1
0,6,11811,58622,0,0,1
0,6,11811,58622,0,0,1
9,6,12670,19048,0,0,1
9,6,12670,19048,0,0,1
9,6,37363,16835,0,0,1
9,6,37363,16835,0,0,1
9,6,22068,15470,0,0,1
9,6,22068,15470,0,0,1
9,6,36080,8800,0,0,1
9,6,36080,8800,0,0,1
9,6,36540,19363,0,0,1
9,6,36540,19363,0,0,1
8,6,4068,51612,0,0,1
8,6,4068,51612,0,0,1
8,6,39359,31629,0,0,1
8,6,39359,31629,0,0,1
8,6,31901,60376,0,0,1
8,6,31901,60376,0,0,1
8,6,51906,23147,0,0,1
8,6,51906,23147,0,0,1
8,6,41730,22055,0,0,1
7,6,41730,22055,0,0,1
7,6,9236,32281,0,0,1
7,6,9236,32281,0,0,1
7,6,50141,44374,0,0,1
7,6,50141,44374,0,0,1
7,6,19491,3340,0,0,1
7,6,19491,3340,0,0,1
7,6,13491,164,0,0,1
7,6,13491,164,0,0,1
6,6,41806,24678,0,0,1
6,6,41806,24678,0,0,1
6,6,44060,15987,0,0,1
6,6,44060,15987,0,0,1
6,6,8877,3690,0,0,1
6,6,8877,3690,0,0,1
6,6,27809,60512,0,0,1
6,6,27809,60512,0,0,1
6,6,61463,16785,0,0,1
6,6,61463,16785,0,0,1
5,6,58308,52956,0,0,1
5,6,58308,52956,0,0,1
5,6,63334,43177,0,0,1
5,6,63334,43177,0,0,1
5,6,14043,18151,0,0,1
5,6,14043,18151,0,0,1
5,6,47441,13681,0,0,1
5,6,47441,13681,0,0,1
5,6,59242,41933,0,0,1
5,6,59242,41933,0,0,1
4,6,36679,8113,0,0,1
4,6,36679,8113,0,0,1
4,6,57546,12772,0,0,1
4,6,57546,12772,0,0,1
4,6,51848,57742,0,0,1
4,6,51848,57742,0,0,1
4,6,27990,18666,0,0,1
4,6,27990,18666,0,0,1
3,6,1509,27686,0,0,1
3,6,1509,27686,0,0,1
3,6,41518,3902,0,0,1
3,6,41518,3902,0,0,1
3,6,52284,5255,0,0,1
3,6,52284,5255,0,0,1
3,6,24572,58226,0,0,1
3,6,24572,58226,0,0,1
3,6,19935,775,0,0,1
3,6,19935,775,0,0,1
2,6,21558,56054,0,0,1
2,6,21558,56054,0,0,1
2,6,61147,61711,0,0,1
2,6,61147,61711,0,0,1
2,6,25680,11625,0,0,1
2,6,25680,11625,0,0,1
2,6,63240,47240,0,0,1
2,6,63240,47240,0,0,1
2,6,28192,40361,0,0,1
2,6,28192,40361,0,0,1
1,6,40876,3331,0,0,1
1,6,40876,3331,0,0,1
1,6,52624,15974,0,0,1
1,6,52624,15974,0,0,1
1,6,34433,60674,0,0,1
1,6,34433,60674,0,0,1
1,6,6835,3865,0,0,1
1,6,6835,3865,0,0,1
1,6,13347,33368,0,0,1
0,6,13347,33368,0,0,1
0,6,58248,54318,0,0,1
0,6,58248,54318,0,0,1
0,6,56004,11748,0,0,1
0,6,56004,11748,0,0,1
0,6,30141,44660,0,0,1
0,6,30141,44660,0,0,1
0,6,40981,55695,0,0,1
0,6,40981,55695,0,0,1
0,6,13842,47204,0,0,1
9,6,12670,19048,0,0,1
9,6,12670,19048,0,0,1
9,6,37363,16835,0,0,1
9,6,37363,16835,0,0,1
9,6,37363,16835,0,0,1
9,6,22068,15470,0,0,1
9,6,22068,15470,0,0,1
9,6,22068,15470,0,0,1
9,6,36080,8800,0,0,1
9,6,36080,8800,0,0,1
9,6,36080,8800,0,0,1
9,6,36540,19363,0,0,1
9,6,36540,19363,0,0,1
9,6,36540,19363,0,0,1
8,6,4068,51612,0,0,1
8,6,4068,51612,0,0,1
8,6,4068,51612,0,0,1
8,6,39359,31629,0,0,1
8,6,39359,31629,0,0,1
8,6,39359,31629,0,0,1
8,6,31901,60376,0,0,1
8,6,31901,60376,0,0,1
8,6,31901,60376,0,0,1
8,6,51906,23147,0,0,1
8,6,51906,23147,0,0,1
8,6,51906,23147,0,0,1
8,6,41730,22055,0,0,1
8,6,41730,22055,0,0,1
7,6,41730,22055,0,0,1
7,6,9236,32281,0,0,1
7,6,9236,32281,0,0,1
7,6,9236,32281,0,0,1
7,6,50141,44374,0,0,1
7,6,50141,44374,0,0,1
7,6,50141,44374,0,0,1
7,6,19491,3340,0,0,1
7,6,19491,3340,0,0,1
7,6,19491,3340,0,0,1
7,6,13491,164,0,0,1
7,6,13491,164,0,0,1
7,6,13491,164,0,0,1
7,6,41806,24678,0,0,1
6,6,41806,24678,0,0,1
6,6,41806,24678,0,0,1
6,6,44060,15987,0,0,1
6,6,44060,15987,0,0,1
6,6,44060,15987,0,0,1
6,6,8877,3690,0,0,1
6,6,8877,3690,0,0,1
6,6,8877,3690,0,0,1
6,6,27809,60512,0,0,1
6,6,27809,60512,0,0,1
6,6,27809,60512,0,0,1
6,6,61463,16785,0,0,1
6,6,61463,16785,0,0,1
6,6,61463,16785,0,0,1
5,6,58308,52956,0,0,1
5,6,58308,52956,0,0,1
5,6,58308,52956,0,0,1
5,6,63334,43177,0,0,1
5,6,63334,43177,0,0,1
5,6,63334,43177,0,0,1
5,6,14043,18151,0,0,1
5,6,14043,18151,0,0,1
5,6,14043,18151,0,0,1
5,6,47441,13681,0,0,1
5,6,47441,13681,0,0,1
5,6,47441,13681,0,0,1
5,6,59242,41933,0,0,1
5,6,59242,41933,0,0,1
5,6,59242,41933,0,0,1
4,6,36679,8113,0,0,1
4,6,36679,8113,0,0,1
4,6,36679,8113,0,0,1
4,6,57546,12772,0,0,1
4,6,57546,12772,0,0,1
4,6,57546,12772,0,0,1
4,6,51848,57742,0,0,1
4,6,51848,57742,0,0,1
4,6,51848,57742,0,0,1
4,6,27990,18666,0,0,1
4,6,27990,18666,0,0,1
4,6,27990,18666,0,0,1
4,6,1509,27686,0,0,1
3,6,1509,27686,0,0,1
3,6,1509,27686,0,0,1
3,6,41518,3902,0,0,1
3,6,41518,3902,0,0,1
3,6,41518,3902,0,0,1
3,6,52284,5255,0,0,1
3,6,52284,5255,0,0,1
3,6,52284,5255,0,0,1
3,6,24572,58226,0,0,1
3,6,24572,58226,0,0,1
3,6,24572,58226,0,0,1
3,6,19935,775,0,0,1
3,6,19935,775,0,0,1
3,6,19935,775,0,0,1
2,6,21558,56054,0,0,1
2,6,21558,56054,0,0,1
2,6,21558,56054,0,0,1
2,6,61147,61711,0,0,1
2,6,61147,61711,0,0,1
2,6,61147,61711,0,0,1
2,6,25680,11625,0,0,1
2,6,25680,11625,0,0,1
2,6,25680,11625,0,0,1
2,6,63240,47240,0,0,1
2,6,63240,47240,0,0,1
2,6,63240,47240,0,0,1
2,6,28192,40361,0,0,1
2,6,28192,40361,0,0,1
2,6,28192,40361,0,0,1
1,6,40876,3331,0,0,1
1,6,40876,3331,0,0,1
1,6,40876,3331,0,0,1
1,6,52624,15974,0,0,1
1,6,52624,15974,0,0,1
1,6,52624,15974,0,0,1
1,6,34433,60674,0,0,1
1,6,34433,60674,0,0,1
1,6,34433,60674,0,0,1
1,6,6835,3865,0,0,1
1,6,6835,3865,0,0,1
1,6,6835,3865,0,0,1
1,6,13347,33368,0,0,1
1,6,13347,33368,0,0,1
0,6,13347,33368,0,0,1
0,6,58248,54318,0,0,1
0,6,58248,54318,0,0,1
0,6,58248,54318,0,0,1
0,6,56004,11748,0,0,1
0,6,56004,11748,0,0,1
0,6,56004,11748,0,0,1
0,6,30141,44660,0,0,1
0,6,30141,44660,0,0,1
0,6,30141,44660,0,0,1
0,6,40981,55695,0,0,1
0,6,40981,55695,0,0,1
0,6,40981,55695,0,0,1
0,6,13842,47204,0,0,1
0,6,13842,47204,0,0,1
9,6,12670,19048,0,0,1
9,6,12670,19048,0,0,1
9,6,37363,16835,0,0,1
9,6,37363,16835,0,0,1
9,6,22068,15470,0,0,1
9,6,22068,15470,0,0,1
9,6,36080,8800,0,0,1
9,6,36080,8800,0,0,1
9,6,36540,19363,0,0,1
9,6,36540,19363,0,0,1
8,6,4068,51612,0,0,1
8,6,4068,51612,0,0,1
8,6,39359,31629,0,0,1
8,6,39359,31629,0,0,1
8,6,31901,60376,0,0,1
8,6,31901,60376,0,0,1
8,6,51906,23147,0,0,1
8,6,51906,23147,0,0,1
8,6,41730,22055,0,0,1
7,6,41730,22055,0,0,1
7,6,9236,32281,0,0,1
7,6,9236,32281,0,0,1
7,6,50141,44374,0,0,1
7,6,50141,44374,0,0,1
7,6,19491,3340,0,0,1
7,6,19491,3340,0,0,1
7,6,13491,164,0,0,1
7,6,13491,164,0,0,1
6,6,41806,24678,0,0,1
6,6,41806,24678,0,0,1
6,6,44060,15987,0,0,1
6,6,44060,15987,0,0,1
6,6,8877,3690,0,0,1
6,6,8877,3690,0,0,1
6,6,27809,60512,0,0,1
6,6,27809,60512,0,0,1
6,6,61463,16785,0,0,1
6,6,61463,16785,0,0,1
5,6,58308,52956,0,0,1
5,6,58308,52956,0,0,1
5,6,63334,43177,0,0,1
5,6,63334,43177,0,0,1
5,6,14043,18151,0,0,1
5,6,14043,18151,0,0,1
5,6,47441,13681,0,0,1
5,6,47441,13681,0,0,1
5,6,59242,41933,0,0,1
4,6,59242,41933,0,0,1
4,6,36679,8113,0,0,1
4,6,36679,8113,0,0,1
4,6,57546,12772,0,0,1
4,6,57546,12772,0,0,1
4,6,51848,57742,0,0,1
4,6,51848,57742,0,0,1
4,6,27990,18666,0,0,1
4,6,27990,18666,0,0,1
3,6,1509,27686,0,0,1
3,6,1509,27686,0,0,1
3,6,41518,3902,0,0,1
3,6,41518,3902,0,0,1
3,6,52284,5255,0,0,1
3,6,52284,5255,0,0,1
3,6,24572,58226,0,0,1
3,6,24572,58226,0,0,1
3,6,19935,775,0,0,1
3,6,19935,775,0,0,1
2,6,21558,56054,0,0,1
2,6,21558,56054,0,0,1
2,6,61147,61711,0,0,1
2,6,61147,61711,0,0,1
2,6,25680,11625,0,0,1
2,6,25680,11625,0,0,1
2,6,63240,47240,0,0,1
2,6,63240,47240,0,0,1
2,6,28192,40361,0,0,1
2,6,28192,40361,0,0,1
1,6,40876,3331,0,0,1
1,6,40876,3331,0,0,1
1,6,52624,15974,0,0,1
1,6,52624,15974,0,0,1
1,6,34433,60674,0,0,1
1,6,34433,60674,0,0,1
1,6,6835,3865,0,0,1
1,6,6835,3865,0,0,1
1,6,13347,33368,0,0,1
0,6,13347,33368,0,0,1
0,6,58248,54318,0,0,1
0,6,58248,54318,0,0,1
0,6,56004,11748,0,0,1
0,6,56004,11748,0,0,1
0,6,30141,44660,0,0,1
0,6,30141,44660,0,0,1
0,6,40981,55695,0,0,1
0,6,40981,55695,0,0,1
9,6,27025,61991,0,0,1
9,6,27025,61991,0,0,1
9,6,36800,42736,0,0,1
9,6,36800,42736,0,0,1
9,6,27670,49013,0,0,1
9,6,27670,49013,0,0,1
9,6,34382,25971,0,0,1
9,6,34382,25971,0,0,1
9,6,17114,60055,0,0,1
9,6,17114,60055,0,0,1
8,6,17401,49834,0,0,1
8,6,17401,49834,0,0,1
8,6,42971,25014,0,0,1
8,6,42971,25014,0,0,1
8,6,62206,8261,0,0,1
8,6,62206,8261,0,0,1
8,6,40137,43271,0,0,1
8,6,40137,43271,0,0,1
8,6,9462,29200,0,0,1
7,6,9462,29200,0,0,1
7,6,22107,37934,0,0,1
7,6,22107,37934,0,0,1
7,6,32899,12569,0,0,1
7,6,32899,12569,0,0,1
7,6,43013,40071,0,0,1
7,6,43013,40071,0,0,1
7,6,59989,55727,0,0,1
7,6,59989,55727,0,0,1
6,6,1189,10689,0,0,1
6,6,1189,10689,0,0,1
6,6,9643,19210,0,0,1
6,6,9643,19210,0,0,1
6,6,22953,5075,0,0,1
6,6,22953,5075,0,0,1
6,6,58622,46822,0,0,1
6,6,58622,46822,0,0,1
6,6,38762,54417,0,0,1
6,6,38762,54417,0,0,1
5,6,24727,20308,0,0,1
5,6,24727,20308,0,0,1
5,6,34113,45748,0,0,1
5,6,34113,45748,0,0,1
5,6,59936,6682,0,0,1
5,6,59936,6682,0,0,1
5,6,21105,23702,0,0,1
5,6,21105,23702,0,0,1
5,6,1500,44325,0,0,1
4,6,1500,44325,0,0,1
4,6,21931,47071,0,0,1
4,6,21931,47071,0,0,1
4,6,3851,23796,0,0,1
4,6,3851,23796,0,0,1
4,6,30754,38584,0,0,1
4,6,30754,38584,0,0,1
4,6,33941,7140,0,0,1
4,6,33941,7140,0,0,1
3,6,51379,2448,0,0,1
3,6,51379,2448,0,0,1
3,6,56476,52011,0,0,1
3,6,56476,52011,0,0,1
3,6,55015,40800,0,0,1
3,6,55015,40800,0,0,1
3,6,52800,19000,0,0,1
3,6,52800,19000,0,0,1
3,6,53239,29412,0,0,1
3,6,53239,29412,0,0,1
2,6,11008,25558,0,0,1
2,6,11008,25558,0,0,1
2,6,6917,59576,0,0,1
2,6,6917,59576,0,0,1
2,6,30264,53859,0,0,1
2,6,30264,53859,0,0,1
2,6,18109,3196,0,0,1
2,6,18109,3196,0,0,1
2,6,22602,43752,0,0,1
2,6,22602,43752,0,0,1
1,6,18958,1035,0,0,1
1,6,18958,1035,0,0,1
1,6,61551,22444,0,0,1
1,6,61551,22444,0,0,1
1,6,55990,43534,0,0,1
1,6,55990,43534,0,0,1
1,6,24075,24261,0,0,1
1,6,24075,24261,0,0,1
1,6,41254,11735,0,0,1
1,6,41254,11735,0,0,1
0,6,23019,20618,0,0,1
0,6,23019,20618,0,0,1
0,6,757,53552,0,0,1
0,6,757,53552,0,0,1
0,6,20040,36162,0,0,1
0,6,20040,36162,0,0,1
0,6,49851,57941,0,0,1
0,6,49851,57941,0,0,1
0,6,1649,26845,0,0,1
9,6,27025,61991,0,0,1
9,6,27025,61991,0,0,1
9,6,36800,42736,0,0,1
9,6,36800,42736,0,0,1
9,6,27670,49013,0,0,1
9,6,27670,49013,0,0,1
9,6,34382,25971,0,0,1
9,6,34382,25971,0,0,1
9,6,17114,60055,0,0,1
9,6,17114,60055,0,0,1
8,6,17401,49834,0,0,1
8,6,17401,49834,0,0,1
8,6,42971,25014,0,0,1
8,6,42971,25014,0,0,1
8,6,62206,8261,0,0,1
8,6,62206,8261,0,0,1
8,6,40137,43271,0,0,1
8,6,40137,43271,0,0,1
8,6,9462,29200,0,0,1
7,6,9462,29200,0,0,1
7,6,22107,37934,0,0,1
7,6,22107,37934,0,0,1
7,6,32899,12569,0,0,1
7,6,32899,12569,0,0,1
7,6,43013,40071,0,0,1
7,6,43013,40071,0,0,1
7,6,59989,55727,0,0,1
7,6,59989,55727,0,0,1
6,6,1189,10689,0,0,1
6,6,1189,10689,0,0,1
6,6,9643,19210,0,0,1
6,6,9643,19210,0,0,1
6,6,22953,5075,0,0,1
6,6,22953,5075,0,0,1
6,6,58622,46822,0,0,1
6,6,58622,46822,0,0,1
6,6,38762,54417,0,0,1
6,6,38762,54417,0,0,1
5,6,24727,20308,0,0,1
5,6,24727,20308,0,0,1
5,6,34113,45748,0,0,1
5,6,34113,45748,0,0,1
5,6,59936,6682,0,0,1
5,6,59936,6682,0,0,1
5,6,21105,23702,0,0,1
5,6,21105,23702,0,0,1
5,6,1500,44325,0,0,1
4,6,1500,44325,0,0,1
4,6,21931,47071,0,0,1
4,6,21931,47071,0,0,1
4,6,3851,23796,0,0,1
4,6,3851,23796,0,0,1
4,6,30754,38584,0,0,1
4,6,30754,38584,0,0,1
4,6,33941,7140,0,0,1
4,6,33941,7140,0,0,1
3,6,51379,2448,0,0,1
3,6,51379,2448,0,0,1
3,6,56476,52011,0,0,1
3,6,56476,52011,0,0,1
3,6,55015,40800,0,0,1
3,6,55015,40800,0,0,1
3,6,52800,19000,0,0,1
3,6,52800,19000,0,0,1
3,6,53239,29412,0,0,1
3,6,53239,29412,0,0,1
2,6,11008,25558,0,0,1
2,6,11008,25558,0,0,1
2,6,6917,59576,0,0,1
2,6,6917,59576,0,0,1
2,6,30264,53859,0,0,1
2,6,30264,53859,0,0,1
2,6,18109,3196,0,0,1
2,6,18109,3196,0,0,1
2,6,22602,43752,0,0,1
2,6,22602,43752,0,0,1
1,6,18958,1035,0,0,1
1,6,18958,1035,0,0,1
1,6,61551,22444,0,0,1
1,6,61551,22444,0,0,1
1,6,55990,43534,0,0,1
1,6,55990,43534,0,0,1
1,6,24075,24261,0,0,1
1,6,24075,24261,0,0,1
1,6,41254,11735,0,0,1
1,6,41254,11735,0,0,1
0,6,23019,20618,0,0,1
0,6,23019,20618,0,0,1
0,6,757,53552,0,0,1
0,6,757,53552,0,0,1
0,6,20040,36162,0,0,1
0,6,20040,36162,0,0,1
0,6,49851,57941,0,0,1
0,6,49851,57941,0,0,1
0,6,1649,26845,0,0,1
9,6,27025,61991,0,0,1
9,6,27025,61991,0,0,1
9,6,27025,61991,0,0,1
9,6,36800,42736,0,0,1
9,6,36800,42736,0,0,1
9,6,36800,42736,0,0,1
9,6,27670,49013,0,0,1
9,6,27670,49013,0,0,1
9,6,27670,49013,0,0,1
9,6,34382,25971,0,0,1
9,6,34382,25971,0,0,1
9,6,34382,25971,0,0,1
9,6,17114,60055,0,0,1
9,6,17114,60055,0,0,1
9,6,17114,60055,0,0,1
8,6,17401,49834,0,0,1
8,6,17401,49834,0,0,1
8,6,17401,49834,0,0,1
8,6,42971,25014,0,0,1
8,6,42971,25014,0,0,1
8,6,42971,25014,0,0,1
8,6,62206,8261,0,0,1
8,6,62206,8261,0,0,1
8,6,62206,8261,0,0,1
8,6,40137,43271,0,0,1
8,6,40137,43271,0,0,1
8,6,40137,43271,0,0,1
8,6,9462,29200,0,0,1
8,6,9462,29200,0,0,1
7,6,9462,29200,0,0,1
7,6,22107,37934,0,0,1
7,6,22107,37934,0,0,1
7,6,22107,37934,0,0,1
7,6,32899,12569,0,0,1
7,6,32899,12569,0,0,1
7,6,32899,12569,0,0,1
7,6,43013,40071,0,0,1
7,6,43013,40071,0,0,1
7,6,43013,40071,0,0,1
7,6,59989,55727,0,0,1
7,6,59989,55727,0,0,1
7,6,59989,55727,0,0,1
7,6,1189,10689,0,0,1
6,6,1189,10689,0,0,1
6,6,1189,10689,0,0,1
6,6,9643,19210,0,0,1
6,6,9643,19210,0,0,1
6,6,9643,19210,0,0,1
6,6,22953,5075,0,0,1
6,6,22953,5075,0,0,1
6,6,22953,5075,0,0,1
6,6,58622,46822,0,0,1
6,6,58622,46822,0,0,1
6,6,58622,46822,0,0,1
6,6,38762,54417,0,0,1
6,6,38762,54417,0,0,1
6,6,38762,54417,0,0,1
5,6,24727,20308,0,0,1
5,6,24727,20308,0,0,1
5,6,24727,20308,0,0,1
5,6,34113,45748,0,0,1
5,6,34113,45748,0,0,1
5,6,34113,45748,0,0,1
5,6,59936,6682,0,0,1
5,6,59936,6682,0,0,1
5,6,59936,6682,0,0,1
5,6,21105,23702,0,0,1
5,6,21105,23702,0,0,1
5,6,21105,23702,0,0,1
5,6,1500,44325,0,0,1
5,6,1500,44325,0,0,1
4,6,1500,44325,0,0,1
4,6,21931,47071,0,0,1
4,6,21931,47071,0,0,1
4,6,21931,47071,0,0,1
4,6,3851,23796,0,0,1
4,6,3851,23796,0,0,1
4,6,3851,23796,0,0,1
4,6,30754,38584,0,0,1
4,6,30754,38584,0,0,1
4,6,30754,38584,0,0,1
4,6,33941,7140,0,0,1
4,6,33941,7140,0,0,1
4,6,33941,7140,0,0,1
4,6,51379,2448,0,0,1
3,6,51379,2448,0,0,1
3,6,51379,2448,0,0,1
3,6,56476,52011,0,0,1
3,6,56476,52011,0,0,1
3,6,56476,52011,0,0,1
3,6,55015,40800,0,0,1
3,6,55015,40800,0,0,1
3,6,55015,40800,0,0,1
3,6,52800,19000,0,0,1
3,6,52800,19000,0,0,1
3,6,52800,19000,0,0,1
3,6,53239,29412,0,0,1
3,6,53239,29412,0,0,1
3,6,53239,29412,0,0,1
3,6,11008,25558,0,0,1
2,6,11008,25558,0,0,1
2,6,11008,25558,0,0,1
2,6,6917,59576,0,0,1
2,6,6917,59576,0,0,1
2,6,6917,59576,0,0,1
2,6,30264,53859,0,0,1
2,6,30264,53859,0,0,1
2,6,30264,53859,0,0,1
2,6,18109,3196,0,0,1
2,6,18109,3196,0,0,1
2,6,18109,3196,0,0,1
2,6,22602,43752,0,0,1
2,6,22602,43752,0,0,1
2,6,22602,43752,0,0,1
1,6,18958,1035,0,0,1
1,6,18958,1035,0,0,1
1,6,18958,1035,0,0,1
1,6,61551,22444,0,0,1
1,6,61551,22444,0,0,1
1,6,61551,22444,0,0,1
1,6,55990,43534,0,0,1
1,6,55990,43534,0,0,1
1,6,55990,43534,0,0,1
1,6,24075,24261,0,0,1
1,6,24075,24261,0,0,1
1,6,24075,24261,0,0,1
1,6,41254,11735,0,0,1
1,6,41254,11735,0,0,1
1,6,41254,11735,0,0,1
0,6,23019,20618,0,0,1
0,6,23019,20618,0,0,1
0,6,23019,20618,0,0,1
0,6,757,53552,0,0,1
0,6,757,53552,0,0,1
0,6,757,53552,0,0,1
0,6,20040,36162,0,0,1
0,6,20040,36162,0,0,1
0,6,20040,36162,0,0,1
0,6,49851,57941,0,0,1
0,6,49851,57941,0,0,1
0,6,49851,57941,0,0,1
0,6,1649,26845,0,0,1
0,6,1649,26845,0,0,1
6,6,5000,5000,3770,58,1
6,6,5000,5000,3770,58,1
6,6,5000,5000,3770,58,1
10,6,58039,6396,0,0,1
10,6,58039,6396,0,0,1
9,6,50360,63777,0,0,1
9,6,50360,63777,0,0,1
9,6,21153,7063,0,0,1
9,6,21153,7063,0,0,1
9,6,25174,64731,0,0,1
9,6,25174,64731,0,0,1
9,6,43861,12275,0,0,1
9,6,43861,12275,0,0,1
9,6,48085,42875,0,0,1
9,6,48085,42875,0,0,1
8,6,32735,37135,0,0,1
8,6,32735,37135,0,0,1
8,6,37713,51596,0,0,1
8,6,37713,51596,0,0,1
8,6,26490,8056,0,0,1
8,6,26490,8056,0,0,1
8,6,42299,14718,0,0,1
8,6,42299,14718,0,0,1
8,6,9931,40200,0,0,1
7,6,9931,40200,0,0,1
7,6,12179,44391,0,0,1
7,6,12179,44391,0,0,1
7,6,1737,14846,0,0,1
7,6,1737,14846,0,0,1
7,6,55719,6050,0,0,1
7,6,55719,6050,0,0,1
7,6,25933,63370,0,0,1
7,6,25933,63370,0,0,1
6,6,8126,40178,0,0,1
6,6,8126,40178,0,0,1
6,6,6069,61312,0,0,1
6,6,6069,61312,0,0,1
6,6,6264,35960,0,0,1
6,6,6264,35960,0,0,1
6,6,22626,4147,0,0,1
6,6,22626,4147,0,0,1
6,6,23305,13137,0,0,1
6,6,23305,13137,0,0,1
5,6,57411,6085,0,0,1
5,6,57411,6085,0,0,1
10,6,58039,6396,0,0,1
10,6,58039,6396,0,0,1
9,6,50360,63777,0,0,1
9,6,50360,63777,0,0,1
9,6,50360,63777,0,0,1
9,6,21153,7063,0,0,1
9,6,21153,7063,0,0,1
9,6,21153,7063,0,0,1
9,6,25174,64731,0,0,1
9,6,25174,64731,0,0,1
9,6,25174,64731,0,0,1
9,6,43861,12275,0,0,1
9,6,43861,12275,0,0,1
9,6,43861,12275,0,0,1
9,6,48085,42875,0,0,1
9,6,48085,42875,0,0,1
9,6,48085,42875,0,0,1
8,6,32735,37135,0,0,1
8,6,32735,37135,0,0,1
8,6,32735,37135,0,0,1
8,6,37713,51596,0,0,1
8,6,37713,51596,0,0,1
8,6,37713,51596,0,0,1
8,6,26490,8056,0,0,1
8,6,26490,8056,0,0,1
8,6,26490,8056,0,0,1
8,6,42299,14718,0,0,1
8,6,42299,14718,0,0,1
8,6,42299,14718,0,0,1
8,6,9931,40200,0,0,1
8,6,9931,40200,0,0,1
7,6,9931,40200,0,0,1
7,6,12179,44391,0,0,1
7,6,12179,44391,0,0,1
7,6,12179,44391,0,0,1
7,6,1737,14846,0,0,1
7,6,1737,14846,0,0,1
7,6,1737,14846,0,0,1
7,6,55719,6050,0,0,1
7,6,55719,6050,0,0,1
7,6,55719,6050,0,0,1
7,6,25933,63370,0,0,1
7,6,25933,63370,0,0,1
7,6,25933,63370,0,0,1
7,6,8126,40178,0,0,1
6,6,8126,40178,0,0,1
6,6,8126,40178,0,0,1
6,6,6069,61312,0,0,1
6,6,6069,61312,0,0,1
6,6,6069,61312,0,0,1
6,6,6264,35960,0,0,1
6,6,6264,35960,0,0,1
6,6,6264,35960,0,0,1
6,6,22626,4147,0,0,1
6,6,22626,4147,0,0,1
6,6,22626,4147,0,0,1
6,6,23305,13137,0,0,1
6,6,23305,13137,0,0,1
6,6,23305,13137,0,0,1
5,6,57411,6085,0,0,1
5,6,57411,6085,0,0,1
5,6,57411,6085,0,0,1
5,6,60418,2090,0,0,1
10,6,58039,6396,0,0,1
10,6,58039,6396,0,0,1
9,6,50360,63777,0,0,1
9,6,50360,63777,0,0,1
9,6,21153,7063,0,0,1
9,6,21153,7063,0,0,1
9,6,25174,64731,0,0,1
9,6,25174,64731,0,0,1
9,6,43861,12275,0,0,1
9,6,43861,12275,0,0,1
9,6,48085,42875,0,0,1
9,6,48085,42875,0,0,1
8,6,32735,37135,0,0,1
8,6,32735,37135,0,0,1
8,6,37713,51596,0,0,1
8,6,37713,51596,0,0,1
8,6,26490,8056,0,0,1
8,6,26490,8056,0,0,1
8,6,42299,14718,0,0,1
8,6,42299,14718,0,0,1
8,6,9931,40200,0,0,1
7,6,9931,40200,0,0,1
7,6,12179,44391,0,0,1
7,6,12179,44391,0,0,1
7,6,1737,14846,0,0,1
7,6,1737,14846,0,0,1
7,6,55719,6050,0,0,1
7,6,55719,6050,0,0,1
7,6,25933,63370,0,0,1
7,6,25933,63370,0,0,1
6,6,8126,40178,0,0,1
6,6,8126,40178,0,0,1
6,6,6069,61312,0,0,1
6,6,6069,61312,0,0,1
6,6,6264,35960,0,0,1
6,6,6264,35960,0,0,1
6,6,22626,4147,0,0,1
6,6,22626,4147,0,0,1
6,6,23305,13137,0,0,1
6,6,23305,13137,0,0,1
5,6,57411,6085,0,0,1
5,6,57411,6085,0,0,1
